<?xml version="1.0" encoding="UTF-8"?>
<project-private xmlns="http://www.netbeans.org/ns/project-private/1">
    <editor-bookmarks xmlns="http://www.netbeans.org/ns/editor-bookmarks/2" lastBookmarkId="0"/>
    <open-files xmlns="http://www.netbeans.org/ns/projectui-open-files/2">
        <group>
            <file>file:/C:/Users/dhivyadharshini.s/Documents/NetBeansProjects/Hotel%20Room%20Management%20System/src/project/InsertUpdateDelete.java</file>
            <file>file:/C:/Users/dhivyadharshini.s/Documents/NetBeansProjects/Hotel%20Room%20Management%20System/src/CustomerCheckIn.java</file>
            <file>file:/C:/Users/dhivyadharshini.s/Documents/NetBeansProjects/Hotel%20Room%20Management%20System/src/project/ConnectionProvider.java</file>
            <file>file:/C:/Users/dhivyadharshini.s/Documents/NetBeansProjects/Hotel%20Room%20Management%20System/src/project/Select.java</file>
            <file>file:/C:/Users/dhivyadharshini.s/Documents/NetBeansProjects/Hotel%20Room%20Management%20System/src/login.java</file>
            <file>file:/C:/Users/dhivyadharshini.s/Documents/NetBeansProjects/Hotel%20Room%20Management%20System/src/signup.java</file>
            <file>file:/C:/Users/dhivyadharshini.s/Documents/NetBeansProjects/Hotel%20Room%20Management%20System/src/project/tables.java</file>
            <file>file:/C:/Users/dhivyadharshini.s/Documents/NetBeansProjects/Hotel%20Room%20Management%20System/src/MonthlyRevenue.java</file>
            <file>file:/C:/Users/dhivyadharshini.s/Documents/NetBeansProjects/Hotel%20Room%20Management%20System/src/hotel/room/management/system/HotelRoomManagementSystem.java</file>
            <file>file:/C:/Users/dhivyadharshini.s/Documents/NetBeansProjects/Hotel%20Room%20Management%20System/src/forgotPassword.java</file>
            <file>file:/C:/Users/dhivyadharshini.s/Documents/NetBeansProjects/Hotel%20Room%20Management%20System/src/CustomerDetailsBill.java</file>
            <file>file:/C:/Users/dhivyadharshini.s/Documents/NetBeansProjects/Hotel%20Room%20Management%20System/src/manageRoom.java</file>
            <file>file:/C:/Users/dhivyadharshini.s/Documents/NetBeansProjects/Hotel%20Room%20Management%20System/src/CustomerCheckOut.java</file>
            <file>file:/C:/Users/dhivyadharshini.s/Documents/NetBeansProjects/Hotel%20Room%20Management%20System/src/adminHome.java</file>
            <file>file:/C:/Users/dhivyadharshini.s/Documents/NetBeansProjects/Hotel%20Room%20Management%20System/src/home.java</file>
        </group>
    </open-files>
</project-private>
